Sections,1,dc
Sections,2,dc
Sections,3,dc
Sections,4,dc
Sections,5,dc
Sections,6,dc
Sections,7,dc
Sections,8,dc
Sections,9,dc
Sections,10,dc
Sections,11,dc
Sections,12,dc
Sections,13,dc
Sections,14,dc
Sections,15,dc
Sections,16,dc
Sections,17,dc
Sections,18,dc
Sections,19,dc
Sections,20,dc
Sections,21,dc
Sections,22,dc
Sections,23,dc
Sections,24,dc
Sections,25,dc
Sections,26,dc
Sections,27,dc
Sections,28,dc
Sections,29,dc
Sections,30,dc
Sections,31,dc
Sections,32,dc
Sections,33,dc
Sections,34,dc
Sections,35,dc
Sections,36,dc
Sections,37,dc
Sections,38,dc
Sections,39,dc
Sections,40,dc
Sections,41,dc
Sections,42,dc
Sections,43,dc
Sections,44,dc
Sections,45,dc
Sections,46,dc
Sections,47,dc
Sections,48,dc
Sections,49,dc
Sections,50,dc
Sections,51,dc
Sections,52,dc
Sections,53,dc
Sections,54,dc
Sections,55,dc
Sections,56,dc
Sections,57,dc
Sections,58,dc
Sections,59,dc
Sections,60,dc
Sections,61,dc
Sections,62,dc
Sections,63,dc
Sections,64,dc
Sections,65,dc
Sections,66,dc
Sections,67,dc
Sections,68,dc
Sections,69,dc
Sections,70,dc
Sections,71,dc
Sections,72,dc
Sections,73,dc
Sections,74,dc
Sections,75,dc
Sections,76,dc
Sections,77,dc
Sections,78,dc
Sections,79,dc
Sections,80,dc
Sections,81,dc
Sections,82,dc
Sections,83,dc
Sections,84,dc
Sections,85,dc
Sections,86,dc
Sections,87,dc
Sections,88,dc
Sections,89,dc
Sections,90,dc
Sections,91,dc
Sections,92,dc
Sections,93,dc
Sections,94,dc
Sections,95,dc
Sections,96,dc
Sections,97,dc
Sections,98,dc
Sections,99,dc
Sections,100,dc
Sections,101,dc
Sections,102,dc
Sections,103,dc
Sections,104,dc
Sections,105,dc
Sections,106,dc
Sections,107,dc
Sections,108,dc
Sections,109,dc
Sections,110,dc
Sections,111,dc
Sections,112,dc
Sections,113,dc
Sections,114,dc
Sections,115,dc
Sections,116,dc
Sections,117,dc
Sections,118,dc
Sections,119,dc
Sections,120,dc
Sections,121,dc
Sections,122,dc
Sections,123,dc
Sections,124,dc
Sections,125,dc
Sections,126,dc
Sections,127,dc
Sections,128,dc
Sections,129,dc
Sections,130,dc
Sections,131,dc
Sections,132,dc
Sections,133,dc
Sections,134,dc
Sections,135,dc
Sections,136,dc
Sections,137,dc
Sections,138,dc
